iter,wall_time_s,mass_kg,global_max_fi,global_mean_fi,n_mystran_fail,zone0_max_fi,zone1_max_fi,zone2_max_fi,zone3_max_fi,zone4_max_fi,zone5_max_fi,zone6_max_fi,zone7_max_fi,zone0_thickness_scale,zone1_thickness_scale,zone2_thickness_scale,zone3_thickness_scale,zone4_thickness_scale,zone5_thickness_scale,zone6_thickness_scale,zone7_thickness_scale,zone0_ply_0,zone0_ply_45,zone0_ply_-45,zone0_ply_90,zone1_ply_0,zone1_ply_45,zone1_ply_-45,zone1_ply_90,zone2_ply_0,zone2_ply_45,zone2_ply_-45,zone2_ply_90,zone3_ply_0,zone3_ply_45,zone3_ply_-45,zone3_ply_90,zone4_ply_0,zone4_ply_45,zone4_ply_-45,zone4_ply_90,zone5_ply_0,zone5_ply_45,zone5_ply_-45,zone5_ply_90,zone6_ply_0,zone6_ply_45,zone6_ply_-45,zone6_ply_90,zone7_ply_0,zone7_ply_45,zone7_ply_-45,zone7_ply_90,zone0_total_plies,zone1_total_plies,zone2_total_plies,zone3_total_plies,zone4_total_plies,zone5_total_plies,zone6_total_plies,zone7_total_plies
0,1.542865514755249,61.12837951286775,2.9084970873085894,0.4304421105537427,0,1.7592285283789797,1.412367569892275,1.2270203706792062,1.1008259197555672,0.6944691826480656,0.4340565604798157,0.9880920465324281,2.9084970873085894,1.0,1.0,1.0,1.0,1.0,1.0,1.0,1.0,1,1,1,1,1,1,1,1,1,1,1,1,1,1,1,1,1,1,1,1,1,1,1,1,1,1,1,1,1,1,1,1,4,4,4,4,4,4,4,4
1,1.6153042316436768,71.17509525834237,1.736982786832574,0.3287753463930956,0,1.3562073191496657,1.0294345931916162,0.6760342181694946,0.5041227227827686,0.6237050372731114,0.5325927940696249,0.7397048089923108,1.736982786832574,1.0,1.0,1.0,1.0,0.934043239155041,0.7712853502998849,1.0,1.0,2,1,1,1,2,1,1,1,2,1,1,1,2,1,1,1,1,1,1,1,1,1,1,1,2,1,1,1,2,1,1,1,5,5,5,5,4,4,5,5
2,1.5345170497894287,76.35155105682202,1.1430146840277369,0.3019534376984728,0,0.7606869785193072,0.7031742458779788,0.6162703925058984,0.6505910732625413,0.8575984851925494,1.1430146840277369,0.766514456638782,0.7483716150502349,1.3476295744685411,1.1433966207447601,0.9225213863559341,0.8150767017392304,0.8311262903849533,0.6423808124881831,0.9623155056201942,1.5856142417703587,2,1,1,1,2,1,1,1,2,1,1,1,2,1,1,1,1,1,1,1,1,1,1,1,2,1,1,1,2,1,1,1,5,5,5,5,4,4,5,5
3,1.572270154953003,73.71775584442426,0.9521585283752355,0.3097682800438353,0,0.769273168627437,0.7434057945196362,0.7750595082941796,0.7437298369637951,0.7400253575840714,0.9521585283752355,0.8253166787813082,0.8397121742336978,1.3145174554628545,1.0742027207046463,0.8165873287183777,0.7389643672295015,0.861046049966126,0.7800970946263799,0.9421757196260583,1.53445005273539,2,1,1,1,2,1,1,1,2,1,1,1,2,1,1,1,1,1,1,1,1,1,1,1,2,1,1,1,2,1,1,1,5,5,5,5,4,4,5,5
4,1.507176160812378,73.0185991267153,0.8930821874946562,0.31171560348586264,0,0.7686091906590619,0.7528013767445055,0.8191579847899411,0.7955294869578843,0.7682129755552692,0.8930821874946562,0.8360668302652511,0.7939566996437752,1.2892731078439186,1.0362066897651934,0.803858522781516,0.7129758388407827,0.8287704693721472,0.8542836108189716,0.9570836946568836,1.572535270139849,2,1,1,1,2,1,1,1,2,1,1,1,2,1,1,1,1,1,1,1,1,1,1,1,2,1,1,1,2,1,1,1,5,5,5,5,4,4,5,5
5,1.5156323909759521,72.67742508827806,0.8432344203034512,0.3109918031771135,0,0.7805746439725579,0.7723632796662356,0.8152683751603251,0.7953983821672925,0.7675094459203478,0.8432344203034512,0.8222646847118671,0.7976819619215295,1.2639785288959642,1.0056394840370368,0.8134837161269616,0.7109837339743759,0.81230537739152,0.9039827278413861,0.9786580541349018,1.5665957057909663,2,1,1,1,2,1,1,1,2,1,1,1,2,1,1,1,1,1,1,1,1,1,1,1,2,1,1,1,2,1,1,1,5,5,5,5,4,4,5,5
6,1.5539777278900146,72.4269881572766,0.8194457619264618,0.3114676028105138,0,0.7891547254981628,0.784805193683438,0.8068079645934163,0.7974714711592804,0.7789643890388013,0.8194457619264618,0.8133198277710512,0.7973282071363732,1.248632758311685,0.9882691233014601,0.8212465752298627,0.7089389368312374,0.7958102200206878,0.9284097085929828,0.9922764997699285,1.5643260629787215,2,1,1,1,2,1,1,1,2,1,1,1,2,1,1,1,1,1,1,1,1,1,1,1,2,1,1,1,2,1,1,1,5,5,5,5,4,4,5,5
7,1.6772782802581787,72.25670298557573,0.8088130114772412,0.3121043166869124,0,0.7945342289930283,0.7923321806880099,0.8060162073023102,0.7993740467280909,0.7883632507347988,0.8088130114772412,0.8074500408134878,0.7981860838773265,1.2401691551767622,0.9788837746032075,0.824740961234006,0.7078185789886831,0.7853474986536245,0.9396932299451796,1.0005370948188017,1.561713840971564,2,1,1,1,2,1,1,1,2,1,1,1,2,1,1,1,1,1,1,1,1,1,1,1,2,1,1,1,2,1,1,1,5,5,5,5,4,4,5,5
8,1.5286507606506348,72.18438675943281,0.80401218025653,0.31233550849092384,0,0.7974383917663852,0.7963784575460956,0.80401218025653,0.799263858196433,0.7938649702190468,0.8034702952744506,0.8037412674737401,0.798799331089785,1.235932604794196,0.9741925846587725,0.8278420941049374,0.7075416656415355,0.7796356911986962,0.94486918445805,1.0051958711886821,1.5599433297746013,2,1,1,1,2,1,1,1,2,1,1,1,2,1,1,1,1,1,1,1,1,1,1,1,2,1,1,1,2,1,1,1,5,5,5,5,4,4,5,5
9,1.600041389465332,72.15027115901579,0.8028167130353601,0.31247869874130874,0,0.7989818489958567,0.7985154590251663,0.8028167130353601,0.799365909885716,0.7972505758675872,0.801076349928029,0.8017218598825339,0.7993382484258241,1.2339538703338,0.9719875347815096,0.82991800142087,0.7072161337678828,0.7766462610838224,0.9469185438741741,1.0075463128246922,1.5587727201135027,2,1,1,1,2,1,1,1,2,1,1,1,2,1,1,1,1,1,1,1,1,1,1,1,2,1,1,1,2,1,1,1,5,5,5,5,4,4,5,5
10,1.5379045009613037,72.13996214997485,0.8019596708603578,0.3125219185670533,0,0.7996958352113223,0.7995557229688821,0.8019596708603578,0.7993880702631152,0.7989980715728213,0.8001097745989038,0.8006868638436295,0.7997468869457767,1.233168650726208,0.9710856877050028,0.8313790269539214,0.7069358595434551,0.7753116798509649,0.9475555536907666,1.008630596309597,1.5581280199251792,2,1,1,1,2,1,1,1,2,1,1,1,2,1,1,1,1,1,1,1,1,1,1,1,2,1,1,1,2,1,1,1,5,5,5,5,4,4,5,5
11,1.5310163497924805,72.14061341779235,0.8014116082315036,0.31251943716714053,0,0.8000438236846359,0.7998771268108653,0.8014116082315036,0.7994660096060062,0.7999268903059572,0.7998012122560122,0.800187474917384,0.7998143171364457,1.2329342216749255,0.9708160432885686,0.8323972952370678,0.7066654876218771,0.7748261755934859,0.9476205646475448,1.0090635912397117,1.5578815308364329,2,1,1,1,2,1,1,1,2,1,1,1,2,1,1,1,1,1,1,1,1,1,1,1,2,1,1,1,2,1,1,1,5,5,5,5,4,4,5,5
12,1.6064996719360352,72.14489906755314,0.8010026956524505,0.31248994086904425,0,0.8000811061342797,0.8000926900508925,0.8010026956524505,0.7994965179335112,0.8001972130810137,0.7997701970853751,0.8000090729777279,0.7999313826563874,1.2329679915002425,0.9707414887490049,0.8331316820332165,0.706429642258029,0.7747907710280897,0.9475028300511681,1.0091818250605882,1.5577007358966053,2,1,1,1,2,1,1,1,2,1,1,1,2,1,1,1,1,1,1,1,1,1,1,1,2,1,1,1,2,1,1,1,5,5,5,5,4,4,5,5
13,1.5631465911865234,72.14964604062801,0.8007727502798881,0.31246338550129354,0,0.8000844903789079,0.800180666474543,0.8007727502798881,0.7995892449291239,0.8003045889728376,0.7997423948339822,0.7999316536005665,0.7999935745273039,1.233030492292418,0.970797725047752,0.8336537929804,0.7062073455979583,0.7748862703250244,0.9473667432311924,1.0091875477382268,1.5576339325924549,2,1,1,1,2,1,1,1,2,1,1,1,2,1,1,1,1,1,1,1,1,1,1,1,2,1,1,1,2,1,1,1,5,5,5,5,4,4,5,5
14,1.617194652557373,72.15443411757752,0.8006154790193488,0.3124304624361762,0,0.80007617262284,0.8000747551522758,0.8006154790193488,0.7996750939503819,0.8003033724415243,0.7998004370780775,0.7998630093809541,0.7999679672162744,1.2330956043008547,0.9709073441743012,0.8340564218565595,0.7060260466927744,0.7750337839582396,0.9472142141267113,1.0091444387787012,1.5576276772585145,2,1,1,1,2,1,1,1,2,1,1,1,2,1,1,1,1,1,1,1,1,1,1,1,2,1,1,1,2,1,1,1,5,5,5,5,4,4,5,5
15,1.5842247009277344,72.15757719293981,0.8004887249807463,0.31241863332131126,0,0.800122388489199,0.8001279324022272,0.8004887249807463,0.7997197762723132,0.8002604155691235,0.7999154101403584,0.7999011370104057,0.7999865151117662,1.2331543093798496,0.9709527068782758,0.8343772619994382,0.7058826766091754,0.7751807363903042,0.9470960711040501,1.0090580367028419,1.5575964927894452,2,1,1,1,2,1,1,1,2,1,1,1,2,1,1,1,1,1,1,1,1,1,1,1,2,1,1,1,2,1,1,1,5,5,5,5,4,4,5,5
16,1.6209115982055664,72.16159463849115,0.8003591846596336,0.31239097998915766,0,0.8000528852815347,0.8001300190235087,0.8003591846596336,0.799766677674841,0.8001996657170991,0.7999092409239187,0.799896360734146,0.8000824138801539,1.233248636812896,0.9710303420734258,0.8346321251315042,0.7057590484373323,0.7753069045982045,0.947045999401724,1.0089956876439778,1.5575833652803086,2,1,1,1,2,1,1,1,2,1,1,1,2,1,1,1,1,1,1,1,1,1,1,1,2,1,1,1,2,1,1,1,5,5,5,5,4,4,5,5
17,1.512772560119629,72.16458564521463,0.8003082011824882,0.31237151802024876,0,0.8000739881352721,0.7999724583078567,0.8003082011824882,0.7998277558918122,0.800167839790101,0.799917811095802,0.799945678830066,0.8000050631866242,1.2332893997512462,0.9711092498339717,0.8348194920413696,0.7056561300984676,0.7754036559788786,0.9469922787642787,1.0089303304112796,1.5576635943358061,2,1,1,1,2,1,1,1,2,1,1,1,2,1,1,1,1,1,1,1,1,1,1,1,2,1,1,1,2,1,1,1,5,5,5,5,4,4,5,5
18,1.5929367542266846,72.16629433089378,0.8002580195577024,0.31236618754061796,0,0.8000158329194836,0.8000779768081026,0.8002580195577024,0.7998622701693354,0.8001479413404546,0.7999698041310784,0.7999328916219517,0.8000024496795989,1.2333464302405828,0.971092533588974,0.8349802997630016,0.7055801644042076,0.775484995720668,0.9469436336032315,1.0088960764888233,1.5576685235492285,2,1,1,1,2,1,1,1,2,1,1,1,2,1,1,1,1,1,1,1,1,1,1,1,2,1,1,1,2,1,1,1,5,5,5,5,4,4,5,5
19,1.609710454940796,72.16810369390005,0.8023717467166318,0.31238022372725327,0,0.8000436404064896,0.8000213244033756,0.8006271226113035,0.8023717467166318,0.7991065109338912,0.7999566202919476,0.7999712391690808,0.8000288385148628,1.233358634912286,0.9711398602740623,0.8351149505427735,0.7055194272563552,0.7755566996517739,0.9469257624870837,1.008853760626753,1.5576709084172309,2,1,1,1,2,1,1,1,2,1,1,1,2,1,1,1,1,1,1,1,1,1,1,1,2,1,1,1,2,1,1,1,5,5,5,5,4,4,5,5
20,1.6035606861114502,72.17982357626293,0.8000981929248234,0.3122521464505389,0,0.8000955278165572,0.8000981929248234,0.7986390997352133,0.7980282459640219,0.8000408661872326,0.7999092541828311,0.7998530288831742,0.799901058983784,1.2333922750823954,0.9711528033853839,0.8354422752106004,0.7065652481220521,0.77512360500722,0.9469000891351311,1.008835625956483,1.5576989839895083,2,1,1,1,2,1,1,1,2,1,1,1,2,1,1,1,1,1,1,1,1,1,1,1,2,1,1,1,2,1,1,1,5,5,5,5,4,4,5,5
21,1.533888816833496,72.16336803863767,0.800687527850924,0.31240942472758215,0,0.8000162213261778,0.7999870237793644,0.8003605366806225,0.7999047433027836,0.800687527850924,0.8000398389619348,0.8000529498411467,0.8000262226072747,1.2334659146267684,0.9712124035942682,0.8347316792021328,0.7056945150722606,0.7751434027237017,0.9468463846211524,1.0087429573948328,1.5576026587892369,2,1,1,1,2,1,1,1,2,1,1,1,2,1,1,1,1,1,1,1,1,1,1,1,2,1,1,1,2,1,1,1,5,5,5,5,4,4,5,5
22,1.6052324771881104,72.16803679070654,0.8002484528264254,0.3123613833895758,0,0.7999287610237997,0.7999719603762955,0.8002484528264254,0.7998058575559579,0.8001643204097652,0.8000278014264052,0.8000325441717997,0.8000387652294928,1.2334784199098499,0.9712045269277475,0.8349197738201516,0.7056525012417921,0.7754764856473472,0.9468699604818244,1.0087763403819276,1.5576281865409942,2,1,1,1,2,1,1,1,2,1,1,1,2,1,1,1,1,1,1,1,1,1,1,1,2,1,1,1,2,1,1,1,5,5,5,5,4,4,5,5
23,1.6588513851165771,72.16868109540282,0.8001985956610298,0.3123533904052812,0,0.8000014775814502,0.7999705049855202,0.8001985956610298,0.7998462975751603,0.8001098252167194,0.800024974529928,0.8000292682152005,0.8000387652294928,1.2334235000724751,0.9711875067968255,0.8350494226811792,0.7055668780535199,0.7755561272810251,0.9468864131915253,1.0087968590010081,1.5576659251748164,2,1,1,1,2,1,1,1,2,1,1,1,2,1,1,1,1,1,1,1,1,1,1,1,2,1,1,1,2,1,1,1,5,5,5,5,4,4,5,5
24,1.6339316368103027,72.16975709109009,0.8023664765970971,0.31237903701984926,0,0.7999897758542848,0.8000420759177238,0.800575939371484,0.8023664765970971,0.7991594331072909,0.8000413626537539,0.8000336895027952,0.7999561905984929,1.2334246391247776,0.9711696035533408,0.8351530709262354,0.7054990984659928,0.7756093620433729,0.9469011932184407,1.0088153125532349,1.5577036647229803,2,1,1,1,2,1,1,1,2,1,1,1,2,1,1,1,1,1,1,1,1,1,1,1,2,1,1,1,2,1,1,1,5,5,5,5,4,4,5,5
25,1.6139307022094727,72.18111155047092,0.8000394533880713,0.3122361505522652,0,0.8000394533880713,0.8000309959826079,0.7986672936391194,0.7980602929807779,0.7999290769143492,0.7998023428170951,0.7998252599684286,0.7999867698971658,1.2334167574290031,0.9711951428360502,0.8354536943854617,0.7065425654071134,0.7752018923237424,0.9469256721848119,1.0088365541071673,1.5576610134321822,2,1,1,1,2,1,1,1,2,1,1,1,2,1,1,1,1,1,1,1,1,1,1,1,2,1,1,1,2,1,1,1,5,5,5,5,4,4,5,5
26,1.5861895084381104,72.16341453589784,0.800621284326378,0.31241285552233805,0,0.8000307454472974,0.8000053684504478,0.8003680440670289,0.7999055576666065,0.800621284326378,0.8001217316595155,0.8001224863227285,0.8000560064260234,1.2334471714727433,0.9712139573033977,0.8347578103525063,0.7056860119236762,0.7751675300048637,0.9468086930218216,1.0087263765250953,1.5576481334225643,2,1,1,1,2,1,1,1,2,1,1,1,2,1,1,1,1,1,1,1,1,1,1,1,2,1,1,1,2,1,1,1,5,5,5,5,4,4,5,5
27,1.5563876628875732,72.16893943287506,0.8001716495393772,0.3123559756698807,0,0.7999845186193026,0.7999495764012822,0.8001716495393772,0.7997628470595941,0.80015496563407,0.8000524498981834,0.8000457271345615,0.7999501826767476,1.2334708732758712,0.9712172159996503,0.8349498276396976,0.7056443577776704,0.775468529652807,0.9468807283927247,1.0088035985154078,1.5577026573631612,2,1,1,1,2,1,1,1,2,1,1,1,2,1,1,1,1,1,1,1,1,1,1,1,2,1,1,1,2,1,1,1,5,5,5,5,4,4,5,5
28,1.6076483726501465,72.1690058948738,0.8023768622330346,0.3123754240559463,0,0.799978594461573,0.7999432408123252,0.8006697418087371,0.8023768622330346,0.7990962511366366,0.7999421011949126,0.7999591768107318,0.8000241365342478,1.233458938380766,0.9711866083326706,0.8350394018605211,0.7055397667562155,0.7755436365105564,0.9469117682663472,1.0088324295765922,1.557654157002653,2,1,1,1,2,1,1,1,2,1,1,1,2,1,1,1,1,1,1,1,1,1,1,1,2,1,1,1,2,1,1,1,5,5,5,5,4,4,5,5
29,1.64961838722229,72.17955486854015,0.8001233217748032,0.3122505238151614,0,0.8000420151955585,0.8001233217748032,0.7986144765104,0.7979956682801836,0.8000360487822366,0.7999126844423816,0.7999118048560558,0.7999227447467835,1.2334424365978263,0.9711521559808145,0.8353889398601265,0.7065878735221572,0.7751055760855656,0.946877502603906,1.0088066897283345,1.5576776547357194,2,1,1,1,2,1,1,1,2,1,1,1,2,1,1,1,1,1,1,1,1,1,1,1,2,1,1,1,2,1,1,1,5,5,5,5,4,4,5,5
30,1.605860948562622,72.1627852738304,0.8007207292820371,0.3124170380550225,0,0.7999524571335697,0.7999987540259472,0.8004262570777615,0.7999405633172806,0.8007207292820371,0.800103049168638,0.8000531018435426,0.800025697515849,1.2334748261760662,0.971227008610489,0.8346655329856714,0.705702725717321,0.7751230395931421,0.9468258293931959,1.0087510823213268,1.5576024429971904,2,1,1,1,2,1,1,1,2,1,1,1,2,1,1,1,1,1,1,1,1,1,1,1,2,1,1,1,2,1,1,1,5,5,5,5,4,4,5,5
31,1.547609806060791,72.16776264094179,0.8002080239756539,0.31236159276274533,0,0.799993805248856,0.7999639914237401,0.8002080239756539,0.7997506416597892,0.8001382019557021,0.8000345058659329,0.8000380298732387,0.8000426849681873,1.2334381743454998,0.9712262522832065,0.8348878967925454,0.7056765103241943,0.7754721982630272,0.9468868104022983,1.0087845614101685,1.557627459568106,2,1,1,1,2,1,1,1,2,1,1,1,2,1,1,1,1,1,1,1,1,1,1,1,2,1,1,1,2,1,1,1,5,5,5,5,4,4,5,5
32,1.5300729274749756,72.16852544707497,0.8002697565218317,0.3123602806072451,0,0.7999947526498473,0.79996253603856,0.8002697565218317,0.7998868241018373,0.8001087598226423,0.8000352036004359,0.800040391553601,0.8000432100626521,1.2334333988189112,0.9712043944865996,0.8349964447297429,0.7055665313721066,0.7755391806220224,0.9469072311206316,1.0088085388782908,1.5576690141172056,2,1,1,1,2,1,1,1,2,1,1,1,2,1,1,1,1,1,1,1,1,1,1,1,2,1,1,1,2,1,1,1,5,5,5,5,4,4,5,5
33,1.6344714164733887,72.17017530455693,0.8023604369095525,0.3123736857606386,0,0.7999605416658209,0.8000073125383479,0.800617107005614,0.8023604369095525,0.7991000120043921,0.7999704335855139,0.7999747332742482,0.7999355546395867,1.2334293536583278,0.9711816537591087,0.8351372233151629,0.7055166231684181,0.7755918978118578,0.9469280652105154,1.0088340059683978,1.5577110809770125,2,1,1,1,2,1,1,1,2,1,1,1,2,1,1,1,1,1,1,1,1,1,1,1,2,1,1,1,2,1,1,1,5,5,5,5,4,4,5,5
34,1.6292660236358643,72.1803537923959,0.8000458249883662,0.3122275136455655,0,0.8000458249883662,0.800039133397213,0.7985770809582375,0.7979940806015831,0.7999191138326961,0.7997902724868089,0.7998123218034683,0.7999854637457309,1.2333989354910635,0.9711860923860375,0.8354593289596359,0.7065574528419365,0.7751556331884069,0.9469105669182251,1.008818074760799,1.5576483389444915,2,1,1,1,2,1,1,1,2,1,1,1,2,1,1,1,1,1,1,1,1,1,1,1,2,1,1,1,2,1,1,1,5,5,5,5,4,4,5,5
35,1.6742780208587646,72.16181559717981,0.8007459726977091,0.31242165943646794,0,0.8000390849100151,0.8000131020979436,0.8003913924931073,0.799952332416141,0.8007459726977091,0.800120999862494,0.800123032027209,0.8000513043790388,1.233434260798482,0.9712098460179881,0.8347163345922641,0.7056716420289666,0.7751164460832615,0.9467864461692163,1.0086997415377368,1.5576341874617934,2,1,1,1,2,1,1,1,2,1,1,1,2,1,1,1,1,1,1,1,1,1,1,1,2,1,1,1,2,1,1,1,5,5,5,5,4,4,5,5
36,1.6823561191558838,72.16824254056104,0.8002351783356304,0.3123620698713011,0,0.7999779805402021,0.7999414394588731,0.8002351783356304,0.7997906609724802,0.8001493861361376,0.8000626790895762,0.8000550344795108,0.7999522710249168,1.233464391215415,0.9712177990720672,0.834920523159285,0.7056506184901082,0.7754778308997136,0.9468580468128396,1.008777305521516,1.5576841333710167,2,1,1,1,2,1,1,1,2,1,1,1,2,1,1,1,1,1,1,1,1,1,1,1,2,1,1,1,2,1,1,1,5,5,5,5,4,4,5,5
37,1.635704755783081,72.16874599399269,0.8002129823220308,0.3123597615134452,0,0.799993638512951,0.80004987710858,0.8002129823220308,0.7998560052962284,0.8001103502348835,0.8000377779099612,0.8000404040753558,0.8000452985278039,1.233447416078181,0.971182252172151,0.8350432451711727,0.705558293356206,0.7755502344227251,0.9468951394380472,1.0088120039802357,1.5576376667040235,2,1,1,1,2,1,1,1,2,1,1,1,2,1,1,1,1,1,1,1,1,1,1,1,2,1,1,1,2,1,1,1,5,5,5,5,4,4,5,5
38,1.6438050270080566,72.17060072454959,0.8023615565778066,0.31236371678736913,0,0.7999771468641912,0.7999367947495759,0.8005670201694777,0.8023615565778066,0.7991223426190539,0.7999489576355845,0.7999557506215456,0.7999251021826053,1.233442511978329,0.9712125270238028,0.8351544010770181,0.7054947954453026,0.7756037232668078,0.9469174967626224,1.0088374790528787,1.5576817658872444,2,1,1,1,2,1,1,1,2,1,1,1,2,1,1,1,1,1,1,1,1,1,1,1,2,1,1,1,2,1,1,1,5,5,5,5,4,4,5,5
39,1.5897843837738037,72.17999191979457,0.800137570194606,0.31225227769397157,0,0.8000522496081434,0.800137570194606,0.7986857667204843,0.7980783379391553,0.7999725416524757,0.799895313015328,0.7999022797181895,0.8000183843826518,1.2334248944600548,0.9711741609419369,0.8354503694457923,0.7065360866170477,0.7751782768090488,0.9468872886951591,1.0088095787832476,1.5576088490344564,2,1,1,1,2,1,1,1,2,1,1,1,2,1,1,1,1,1,1,1,1,1,1,1,2,1,1,1,2,1,1,1,5,5,5,5,4,4,5,5
40,1.7137250900268555,72.16440839301899,0.8006148763061851,0.3124082925135252,0,0.800018449627915,0.7999894976456083,0.800366999565459,0.7999034177605869,0.8006148763061851,0.8001054971817734,0.8000531268579119,0.8000303994976612,1.233465173189686,0.9712576638283851,0.834764134021474,0.7056875093718792,0.7751649736124752,0.9468253344607355,1.0087479655605402,1.5576267463326456,2,1,1,1,2,1,1,1,2,1,1,1,2,1,1,1,1,1,1,1,1,1,1,1,2,1,1,1,2,1,1,1,5,5,5,5,4,4,5,5
41,1.6336019039154053,72.16916367642756,0.8001841034200879,0.3123553340973212,0,0.7999354856926338,0.7999800974826723,0.8001841034200879,0.7997780437484066,0.8001699001155443,0.8000181438200994,0.8000232369088912,0.8000348454981434,1.233479396298118,0.9712512885207656,0.8349556078180032,0.705644911321891,0.775462867722262,0.9468877640884963,1.0087814603166871,1.5576563407517907,2,1,1,1,2,1,1,1,2,1,1,1,2,1,1,1,1,1,1,1,1,1,1,1,2,1,1,1,2,1,1,1,5,5,5,5,4,4,5,5
42,1.658660888671875,72.16936063159791,0.8023589808718107,0.31238138171470997,0,0.7999843518837947,0.7999471699803772,0.800651261743285,0.8023589808718107,0.7991239358615904,0.8000483197343601,0.8000387940346734,0.7999588040385013,1.2334296606300539,0.971239207054766,0.8350516816823912,0.7055470223847203,0.7755452122415285,0.9468985016892749,1.00879611091849,1.5576902640712469,2,1,1,1,2,1,1,1,2,1,1,1,2,1,1,1,1,1,1,1,1,1,1,1,2,1,1,1,2,1,1,1,5,5,5,5,4,4,5,5
43,1.5897536277770996,72.18028548419468,0.8000461584641003,0.312238190372043,0,0.8000461584641003,0.8000402526080296,0.7986177378162926,0.7980017733144772,0.800007785828094,0.7997953864835715,0.7998197997626183,0.7999828502656422,1.233417597598391,0.9712071379382864,0.8353915799411071,0.7065872548409506,0.7751205701489284,0.9469270978668171,1.0088205704630557,1.5576501574786559,2,1,1,1,2,1,1,1,2,1,1,1,2,1,1,1,1,1,1,1,1,1,1,1,2,1,1,1,2,1,1,1,5,5,5,5,4,4,5,5
44,1.5973176956176758,72.1623786999016,0.8007229582249479,0.31242518930609875,0,0.8000310789224284,0.8000053684504478,0.8004270474388916,0.799939768366965,0.8007229582249479,0.8001296734360788,0.8001299653775761,0.8000552241413494,1.233453180512078,0.9712315714509356,0.8346698735726445,0.7057048038982797,0.7751243419961229,0.946806001564757,1.008706951896635,1.5576334616746412,2,1,1,1,2,1,1,1,2,1,1,1,2,1,1,1,1,1,1,1,1,1,1,1,2,1,1,1,2,1,1,1,5,5,5,5,4,4,5,5
45,1.673743724822998,72.16881789052253,0.8001980185526472,0.3123550555360891,0,0.7999118228142126,0.7999499800010184,0.8001980185526472,0.7997412912647732,0.8001317003694824,0.8000507336925716,0.8000438985781887,0.7999483514586861,1.2334771395094006,0.9712348302062886,0.8348926508425378,0.7056782378027925,0.775474581070125,0.9468827363069587,1.0087888875090516,1.5576872235311776,2,1,1,1,2,1,1,1,2,1,1,1,2,1,1,1,1,1,1,1,1,1,1,1,2,1,1,1,2,1,1,1,5,5,5,5,4,4,5,5
46,1.620436668395996,72.1680731831083,0.8002678259168634,0.31235511705567676,0,0.7999854660150658,0.7999523288164605,0.8002678259168634,0.7998817457586206,0.8000742429465783,0.7999721218844289,0.8000420431598365,0.8000445174378121,1.2334091616700913,0.9712044669780275,0.8349959784889975,0.7055641346000556,0.7755384125006569,0.9469127605929869,1.0088165652577106,1.5576369408606032,2,1,1,1,2,1,1,1,2,1,1,1,2,1,1,1,1,1,1,1,1,1,1,1,2,1,1,1,2,1,1,1,5,5,5,5,4,4,5,5
47,1.6170928478240967,72.16917497190519,0.8023793316115546,0.31237973691616133,0,0.7999694746532949,0.8000186392575853,0.8006277888268594,0.8023793316115546,0.7991409849420196,0.800035357865267,0.7999748977015473,0.7999350295567192,1.2333979577012328,0.9711755304365277,0.8351357494661951,0.7055119871303797,0.7755743989112373,0.9468962617533772,1.0088430739052723,1.5576802796141336,2,1,1,1,2,1,1,1,2,1,1,1,2,1,1,1,1,1,1,1,1,1,1,1,2,1,1,1,2,1,1,1,5,5,5,5,4,4,5,5
48,1.7185852527618408,72.1800607484129,0.8001119877185772,0.3122302803677688,0,0.8001119877185772,0.8000309959826079,0.7985653424336655,0.7979784789018768,0.7999103507333839,0.7998006609507747,0.7998216407606785,0.799989383382279,1.2333744265135553,0.9711868441808229,0.8354634300239611,0.7065611414886983,0.7751580051067067,0.9469171868974053,1.008827246230314,1.5576170276277235,2,1,1,1,2,1,1,1,2,1,1,1,2,1,1,1,1,1,1,1,1,1,1,1,2,1,1,1,2,1,1,1,5,5,5,5,4,4,5,5
49,1.6401705741882324,72.16208818485094,0.8007459726977091,0.31242165943646794,0,0.8000390849100151,0.8000131020979436,0.8003913924931073,0.799952332416141,0.8007459726977091,0.800120999862494,0.800123032027209,0.8000513043790388,1.2334607532561659,0.9712056584874048,0.8347143025669113,0.7056684363295523,0.7751145723900383,0.9467992134150733,1.0087147876926612,1.557606692237387,2,1,1,1,2,1,1,1,2,1,1,1,2,1,1,1,1,1,1,1,1,1,1,1,2,1,1,1,2,1,1,1,5,5,5,5,4,4,5,5
50,1.6523244380950928,72.1685151346189,0.8002484528264254,0.3123613833895758,0,0.7999287610237997,0.7999719603762955,0.8002484528264254,0.7998058575559579,0.8001643204097652,0.8000278014264052,0.8000325441717997,0.8000387652294928,1.2334908843202583,0.971213611507193,0.8349184906368575,0.705647412886199,0.7754759563329129,0.9468708150242185,1.0087923528334146,1.5576566372649694,2,1,1,1,2,1,1,1,2,1,1,1,2,1,1,1,1,1,1,1,1,1,1,1,2,1,1,1,2,1,1,1,5,5,5,5,4,4,5,5
51,1.6855688095092773,72.169159439242,0.8023331870597651,0.312379685911592,0,0.79998323775324,0.7999471699803772,0.8006329508176862,0.8023331870597651,0.7991130340294785,0.8000464772185678,0.8000382358837007,0.7999588040385013,1.2334359639279135,0.9711965912170659,0.8350481392986285,0.7055617903153429,0.7755555979122302,0.946887267748768,1.0088128717781901,1.5576943765881033,2,1,1,1,2,1,1,1,2,1,1,1,2,1,1,1,1,1,1,1,1,1,1,1,2,1,1,1,2,1,1,1,5,5,5,5,4,4,5,5
52,1.80586576461792,72.17980192182901,0.800110538839495,0.31225065640588373,0,0.800030833424699,0.800110538839495,0.79869559317417,0.7980404324019856,0.800002794976414,0.7998188296739951,0.7998405972807376,0.7999914717807992,1.2334230419541699,0.9711645235077085,0.8353784795502388,0.7065906700897358,0.7751256657724829,0.946914773177832,1.008836979810466,1.5576542698896254,2,1,1,1,2,1,1,1,2,1,1,1,2,1,1,1,1,1,1,1,1,1,1,1,2,1,1,1,2,1,1,1,5,5,5,5,4,4,5,5
53,1.6450738906860352,72.16310214727552,0.8007066026513502,0.3124157453594753,0,0.8000378040083114,0.8000132702101833,0.8003271985712451,0.799859645421098,0.8007066026513502,0.8001157587988661,0.800117025489246,0.8000520866613652,1.2334468111144734,0.9712316181323254,0.8346974336809408,0.7057252874758813,0.7751270198087039,0.9468075526414849,1.0087364727117945,1.5576459673789675,2,1,1,1,2,1,1,1,2,1,1,1,2,1,1,1,1,1,1,1,1,1,1,1,2,1,1,1,2,1,1,1,5,5,5,5,4,4,5,5
54,1.648984432220459,72.16854543435845,0.8002163248336007,0.3123567656222632,0,0.7999118228142126,0.7999498118915636,0.8002163248336007,0.7997670432967408,0.8001426649194223,0.8000525762115772,0.800045714637677,0.7999483514586861,1.2334759543854104,0.9712396734121437,0.8348681285607674,0.7056633801161661,0.775469336563285,0.9468760534571417,1.008810252636319,1.5576966752402361,2,1,1,1,2,1,1,1,2,1,1,1,2,1,1,1,1,1,1,1,1,1,1,1,2,1,1,1,2,1,1,1,5,5,5,5,4,4,5,5
55,1.649367332458496,72.16807539292266,0.8002782847433267,0.3123565719525673,0,0.7999824570942193,0.7999466656524795,0.8002782847433267,0.7998958215229612,0.8001067948809049,0.8000208122534257,0.7999704767009325,0.8000176033049787,1.233407976611414,0.9712092079858643,0.8349810052538859,0.7055606369820144,0.7755384817322944,0.946907167929469,1.0088390760083088,1.5576463922645576,2,1,1,1,2,1,1,1,2,1,1,1,2,1,1,1,1,1,1,1,1,1,1,1,2,1,1,1,2,1,1,1,5,5,5,5,4,4,5,5
56,1.7608397006988525,72.1690819610084,0.8023836730341574,0.3123810670941545,0,0.8000438071448941,0.8000213244033756,0.8006366789446787,0.8023836730341574,0.7991109545102825,0.7999566202919476,0.7999712391690808,0.8000288385148628,1.2333944531364625,0.9711768337299806,0.8351262318005919,0.7055146968366274,0.7755902464446656,0.9469194849744376,1.0088204608472138,1.557663529592365,2,1,1,1,2,1,1,1,2,1,1,1,2,1,1,1,1,1,1,1,1,1,1,1,2,1,1,1,2,1,1,1,5,5,5,5,4,4,5,5
57,1.6831097602844238,72.18092884973031,0.800050635221094,0.31223347693796133,0,0.800050635221094,0.8000441820118902,0.7985594416700366,0.797974405815681,0.7999448398520075,0.7998946412314889,0.799892835249141,0.799919350316849,1.2334282228174125,0.9711897773340753,0.835458548855552,0.7065657695604093,0.7751592870631214,0.946893811792683,1.0088023267755248,1.557691605031646,2,1,1,1,2,1,1,1,2,1,1,1,2,1,1,1,1,1,1,1,1,1,1,1,2,1,1,1,2,1,1,1,5,5,5,5,4,4,5,5
58,1.642676830291748,72.16274756341572,0.8007459726977091,0.31242165943646794,0,0.8000390849100151,0.8000131020979436,0.8003913924931073,0.799952332416141,0.8007459726977091,0.800120999862494,0.800123032027209,0.8000513043790388,1.2334672571366412,0.9712165955330064,0.8347063446231189,0.7056712598643715,0.7751325633750014,0.9468314595639822,1.0087347592442655,1.5576130879476506,2,1,1,1,2,1,1,1,2,1,1,1,2,1,1,1,1,1,1,1,1,1,1,1,2,1,1,1,2,1,1,1,5,5,5,5,4,4,5,5
59,1.595520257949829,72.16917457997182,0.8002484528264254,0.3123613833895758,0,0.7999287610237997,0.7999719603762955,0.8002484528264254,0.7998058575559579,0.8001643204097652,0.8000278014264052,0.8000325441717997,0.8000387652294928,1.233497388359611,0.9712245486423561,0.8349105307463904,0.7056502363368987,0.7754939557058657,0.9469030636117396,1.0088123259207318,1.557663033180313,2,1,1,1,2,1,1,1,2,1,1,1,2,1,1,1,1,1,1,1,1,1,1,1,2,1,1,1,2,1,1,1,5,5,5,5,4,4,5,5
60,1.6954526901245117,72.16981888094814,0.8023260401394406,0.3123699594350007,0,0.7999616557823666,0.7999210927289743,0.8006288572834549,0.8023260401394406,0.7990700956030212,0.7999663035697165,0.7999705306311898,0.7999337234311603,1.233442467677678,0.9712075281605582,0.8350401781721256,0.7055646134234479,0.7755735991337231,0.946919516896637,1.008832845271762,1.5577007726584087,2,1,1,1,2,1,1,1,2,1,1,1,2,1,1,1,1,1,1,1,1,1,1,1,2,1,1,1,2,1,1,1,5,5,5,5,4,4,5,5
61,1.7038729190826416,72.1791230324286,0.800137570194606,0.31226037066627765,0,0.8000524163463189,0.800137570194606,0.7986977661098109,0.7980476234529847,0.800045812244672,0.7998989978096591,0.7999082981925942,0.8000183843826518,1.2334129080611662,0.9711596310757789,0.8353683788583888,0.7065903456808178,0.7751228433212137,0.9468995745169587,1.0088142642297715,1.557636248244352,2,1,1,1,2,1,1,1,2,1,1,1,2,1,1,1,1,1,1,1,1,1,1,1,2,1,1,1,2,1,1,1,5,5,5,5,4,4,5,5
62,1.7061996459960938,72.16376749165535,0.8006625702116378,0.31241294134489583,0,0.8000093295984873,0.7999794583655271,0.8003961912452445,0.7998941092562908,0.8006625702116378,0.8000485122451748,0.8000622572281784,0.8000309245894436,1.2334533149350058,0.9712431327129292,0.8346884757248002,0.7057281391687836,0.7751450371445568,0.9468398001850469,1.0087564454226674,1.5576541458573647,2,1,1,1,2,1,1,1,2,1,1,1,2,1,1,1,1,1,1,1,1,1,1,1,2,1,1,1,2,1,1,1,5,5,5,5,4,4,5,5
63,1.751330852508545,72.16847734708941,0.8001977458824299,0.31235867225724573,0,0.7999779805402021,0.7999416075679682,0.8001977458824299,0.7997383686309353,0.8001274510141856,0.8000611232250197,0.800052660256111,0.7999541022456552,1.233460507200119,0.9712306633870438,0.8348951608914181,0.705681432870338,0.7754660296516261,0.9468685085128768,1.0087956969102918,1.557684251991712,2,1,1,1,2,1,1,1,2,1,1,1,2,1,1,1,1,1,1,1,1,1,1,1,2,1,1,1,2,1,1,1,5,5,5,5,4,4,5,5
64,1.6877124309539795,72.16844426811794,0.8002729332020961,0.31236285105462813,0,0.7999891619273798,0.7999543990250364,0.8002729332020961,0.7999041400268005,0.8002139357041418,0.8000166821462316,0.7999704641642533,0.8000123762636668,1.2334435321163373,0.9711952180617318,0.8349983465666225,0.7055660401207096,0.775527800859092,0.9469046807984454,1.0088288990601437,1.5576395681109965,2,1,1,1,2,1,1,1,2,1,1,1,2,1,1,1,1,1,1,1,1,1,1,1,2,1,1,1,2,1,1,1,5,5,5,5,4,4,5,5
65,1.7096564769744873,72.16991567170473,0.8023446296619883,0.3123731967667754,0,0.7999830710178016,0.8000387182818943,0.800616581360015,0.8023446296619883,0.7989991470483206,0.7999650387628077,0.8000309323453745,0.8000544454200134,1.2334351770222285,0.971167538406217,0.8351407832994184,0.7055237679071493,0.7756314965379408,0.9469145535499156,1.0088102761822317,1.557651616709742,2,1,1,1,2,1,1,1,2,1,1,1,2,1,1,1,1,1,1,1,1,1,1,1,2,1,1,1,2,1,1,1,5,5,5,5,4,4,5,5
66,1.6878714561462402,72.1809821556716,0.8000565641217916,0.31223690488717554,0,0.8000461584641003,0.8000360445720223,0.798571064784498,0.7980044141838512,0.8000565641217916,0.7998758342912505,0.7998234704136873,0.7998885184310716,1.2334221265208818,0.971191039617791,0.8354626159494001,0.7065576378780698,0.7751463133674874,0.9468938627347234,1.0088297792246566,1.5577046210825582,2,1,1,1,2,1,1,1,2,1,1,1,2,1,1,1,1,1,1,1,1,1,1,1,2,1,1,1,2,1,1,1,5,5,5,5,4,4,5,5
67,2.1104798316955566,72.16276510716237,0.8006277423693793,0.3124137071392824,0,0.8000307454472974,0.8000053684504478,0.8003767973288259,0.7999182575137993,0.8006277423693793,0.8001235742304788,0.8001230445183058,0.8000560064260234,1.233457709565224,0.9712129184711502,0.8347164772286716,0.7056763901277942,0.7751737167865348,0.9468203803924878,1.008718474034915,1.55759608648563,2,1,1,1,2,1,1,1,2,1,1,1,2,1,1,1,1,1,1,1,1,1,1,1,2,1,1,1,2,1,1,1,5,5,5,5,4,4,5,5
68,1.6224803924560547,72.16843004479978,0.8002572056397177,0.3123622358402049,0,0.7999287610237997,0.7999719603762955,0.8002572056397177,0.7998196987089162,0.8001688340155609,0.8000283728601749,0.8000325441717997,0.8000387652294928,1.2334814115708508,0.9712161771639172,0.8349130515655133,0.7056403377886803,0.7754778476525698,0.9468935070174306,1.00879604733413,1.557650608604375,2,1,1,1,2,1,1,1,2,1,1,1,2,1,1,1,1,1,1,1,1,1,1,1,2,1,1,1,2,1,1,1,5,5,5,5,4,4,5,5
69,1.7645580768585205,72.16920588017346,0.8023400752202883,0.3123753244023991,0,0.7999754188177407,0.7999369628584405,0.8006405799804521,0.8023400752202883,0.7990810206437895,0.7999831084176916,0.8000404455682257,0.7999593291227909,1.2334264916002742,0.9711991568288275,0.8350472667814737,0.7055608203737153,0.7755596770519434,0.9469102983156027,1.008816566354052,1.557688347781445,2,1,1,1,2,1,1,1,2,1,1,1,2,1,1,1,1,1,1,1,1,1,1,1,2,1,1,1,2,1,1,1,5,5,5,5,4,4,5,5
70,1.7126710414886475,72.17943179589571,0.8001218662780977,0.3122549937328038,0,0.8000384858910904,0.8001218662780977,0.7986871574159145,0.798033600763818,0.8000328723116756,0.7998809225660028,0.7998389456171233,0.7999919956910403,1.233407542174403,0.9711608933171203,0.8353815883826182,0.706592736243817,0.7751142249689934,0.946900301557326,1.0088420677035908,1.5576487524367433,2,1,1,1,2,1,1,1,2,1,1,1,2,1,1,1,1,1,1,1,1,1,1,1,2,1,1,1,2,1,1,1,5,5,5,5,4,4,5,5
71,1.8721027374267578,72.16314700067251,0.8007001883747852,0.3124111929528857,0,0.8000249878666464,0.7999973993299095,0.8003242316400191,0.7998567300256656,0.8007001883747852,0.8000995243675507,0.8000489240649731,0.800025697515849,1.2334372101671145,0.9712348631693095,0.8346961355556246,0.7057243341082909,0.7751301498417354,0.9468298300209756,1.0087405186806944,1.5576409599980776,2,1,1,1,2,1,1,1,2,1,1,1,2,1,1,1,1,1,1,1,1,1,1,1,2,1,1,1,2,1,1,1,5,5,5,5,4,4,5,5
72,2.421013832092285,72.16780140899651,0.8002271313833219,0.3123633058331715,0,0.799993805248856,0.7999639914237401,0.8002271313833219,0.7997763939243249,0.8001491724892739,0.8000369198060696,0.8000404040753558,0.8000426849681873,1.2334564732699425,0.9712332845058973,0.8348652823662176,0.7056611409162692,0.7754693605416508,0.9468887254209823,1.0087713634848672,1.557665977187613,2,1,1,1,2,1,1,1,2,1,1,1,2,1,1,1,1,1,1,1,1,1,1,1,2,1,1,1,2,1,1,1,5,5,5,5,4,4,5,5
73,2.8755555152893066,72.16884933596488,0.8023685618291692,0.31238140478029186,0,0.7999675798806543,0.7999288259796459,0.8007049769619429,0.8023685618291692,0.7990754471372835,0.7999933372962851,0.8000497528884066,0.7999632487090932,1.2334516976725056,0.9712114265510278,0.8349837974327622,0.7055625220922213,0.775541659725943,0.9469105747635523,1.0087968375312342,1.5577075327642895,2,1,1,1,2,1,1,1,2,1,1,1,2,1,1,1,1,1,1,1,1,1,1,1,2,1,1,1,2,1,1,1,5,5,5,5,4,4,5,5
74,3.1349029541015625,72.17951607570708,0.8001218662780977,0.31225328481981096,0,0.8000384858910904,0.8001218662780977,0.7986688639450389,0.7980070915053776,0.8000219101682913,0.7998803512026615,0.7998365716566682,0.7999919956910403,1.233426704765477,0.9711682234123767,0.8353517001457532,0.7066070023784212,0.7750935164374083,0.9469066316481747,1.008828206629036,1.5576717529126118,2,1,1,1,2,1,1,1,2,1,1,1,2,1,1,1,1,1,1,1,1,1,1,1,2,1,1,1,2,1,1,1,5,5,5,5,4,4,5,5
75,3.0709733963012695,72.16295429040012,0.800671000359328,0.31241744668163046,0,0.800021792085895,0.7999951609581087,0.8003991582907996,0.7998962367668803,0.800671000359328,0.8000653177744561,0.8001298007787185,0.8000565315197643,1.2334563732191193,0.9712421938228731,0.834656720916605,0.7057268754425464,0.775104130455775,0.9468358214983819,1.0087251621774636,1.5576639603588818,2,1,1,1,2,1,1,1,2,1,1,1,2,1,1,1,1,1,1,1,1,1,1,1,2,1,1,1,2,1,1,1,5,5,5,5,4,4,5,5
76,3.030707597732544,72.16844696618526,0.8002391093980646,0.3123657608413058,0,0.7999846853548267,0.7999495764012822,0.8002019668392735,0.7997586002102911,0.8002391093980646,0.8000567063831073,0.800050831693293,0.7999475692491358,1.23347317296114,0.9712392563968341,0.8348649460104333,0.7056811076286118,0.7754291899245578,0.9468744747537791,1.0088069954971908,1.5577189960532323,2,1,1,1,2,1,1,1,2,1,1,1,2,1,1,1,1,1,1,1,1,1,1,1,2,1,1,1,2,1,1,1,5,5,5,5,4,4,5,5
77,3.2396724224090576,72.16899063894577,0.8002591581603488,0.3123548780985827,0,0.7999822903588026,0.7999466656524795,0.8002591581603488,0.7998700540865515,0.8000958964517746,0.8000183983346757,0.7999704767009325,0.8000176033049787,1.2334613665836556,0.9712086480352567,0.8349703304069119,0.7055746380842474,0.7755450726788358,0.9469080333954788,1.0088390451020577,1.5576679508178584,2,1,1,1,2,1,1,1,2,1,1,1,2,1,1,1,1,1,1,1,1,1,1,1,2,1,1,1,2,1,1,1,5,5,5,5,4,4,5,5
78,3.2024905681610107,72.16972017212198,0.8023604369095525,0.3123736857606386,0,0.7999605416658209,0.8000073125383479,0.800617107005614,0.8023604369095525,0.7991000120043921,0.7999704335855139,0.7999747332742482,0.7999355546395867,1.23344771398476,0.9711762737980385,0.8351055737661458,0.7055173339962149,0.7755915551917488,0.9469189218522949,1.0088204299415329,1.5576850883828544,2,1,1,1,2,1,1,1,2,1,1,1,2,1,1,1,1,1,1,1,1,1,1,1,2,1,1,1,2,1,1,1,5,5,5,5,4,4,5,5
79,2.9257521629333496,72.17989853508209,0.800137570194606,0.3122497436815075,0,0.800052082869984,0.800137570194606,0.7986579077312429,0.7980399293506152,0.7999551240037572,0.7998928992454934,0.7999013780139475,0.8000183843826518,1.2334172953647031,0.9711807124003791,0.8354276672036448,0.7065581647183984,0.7751552907610192,0.9469014237289647,1.0088044989483227,1.5576223473972721,2,1,1,1,2,1,1,1,2,1,1,1,2,1,1,1,1,1,1,1,1,1,1,1,2,1,1,1,2,1,1,1,5,5,5,5,4,4,5,5
80,3.3393969535827637,72.16390302553238,0.8006914471412789,0.31240383874079203,0,0.8000248211293572,0.7999076542741365,0.8003557039758602,0.799907734907595,0.8006914471412789,0.8000270355832172,0.800043273856606,0.8000204716355122,1.2334574453100973,0.9712642158501307,0.8347269040703573,0.705692599767931,0.7751335495948218,0.9468380400683868,1.008742317508807,1.5576402448505609,2,1,1,1,2,1,1,1,2,1,1,1,2,1,1,1,1,1,1,1,1,1,1,1,2,1,1,1,2,1,1,1,5,5,5,5,4,4,5,5
81,3.104910373687744,72.16793998109654,0.8002484528264254,0.3123613833895758,0,0.7999287610237997,0.7999719603762955,0.8002484528264254,0.7998058575559579,0.8001643204097652,0.8000278014264052,0.8000325441717997,0.8000387652294928,1.2334765801893515,0.9712081582882444,0.8349124763694418,0.7056519055223516,0.7754685270179322,0.9468540390175276,1.0087696001153073,1.5576601745026555,2,1,1,1,2,1,1,1,2,1,1,1,2,1,1,1,1,1,1,1,1,1,1,1,2,1,1,1,2,1,1,1,5,5,5,5,4,4,5,5
82,3.177358388900757,72.16858426967912,0.8023331870597651,0.312379685911592,0,0.79998323775324,0.7999471699803772,0.8006329508176862,0.8023331870597651,0.7991130340294785,0.8000464772185678,0.8000382358837007,0.7999588040385013,1.233421660433889,0.9711911380936836,0.8350421240972992,0.7055662824063634,0.775548167834257,0.946870491450579,1.00879011859729,1.5576979139114906,2,1,1,1,2,1,1,1,2,1,1,1,2,1,1,1,1,1,1,1,1,1,1,1,2,1,1,1,2,1,1,1,5,5,5,5,4,4,5,5
83,3.1717610359191895,72.17922681849008,0.8001377383129817,0.3122595324363226,0,0.8000524163463189,0.8001377383129817,0.7986901217017737,0.7980357260021324,0.8000393564913674,0.7998971554116903,0.7999064822434321,0.8000183843826518,1.2334087386099943,0.9711590705643817,0.8353724619693302,0.7065951687313117,0.7751182398134011,0.9468979963923208,1.0088142260858233,1.5576578071219356,2,1,1,1,2,1,1,1,2,1,1,1,2,1,1,1,1,1,1,1,1,1,1,1,2,1,1,1,2,1,1,1,5,5,5,5,4,4,5,5
84,3.0452816486358643,72.16373717688803,0.800653757532616,0.312409989467116,0,0.7999925573475176,0.7999569061849661,0.8003839892789147,0.7998818371392793,0.800653757532616,0.8000724291690978,0.8000754278772628,0.7999397289900267,1.2334491453472418,0.9712426741968919,0.8346885643075368,0.705727702158213,0.7751373060223472,0.9468371318081893,1.0087552623088123,1.5576757049826648,2,1,1,1,2,1,1,1,2,1,1,1,2,1,1,1,1,1,1,1,1,1,1,1,2,1,1,1,2,1,1,1,5,5,5,5,4,4,5,5
85,3.2359187602996826,72.1676055512414,0.8002498675283011,0.31236873122364195,0,0.8000016242689032,0.7999717248766235,0.800214968235028,0.7997708732039419,0.8002498675283011,0.8000319315601666,0.8000385755042704,0.8000387652294928,1.233443407763902,0.9712165151017951,0.834888883969991,0.7056755829056025,0.775454025930237,0.9468799934498943,1.0088028174763832,1.557617028302696,2,1,1,1,2,1,1,1,2,1,1,1,2,1,1,1,1,1,1,1,1,1,1,1,2,1,1,1,2,1,1,1,5,5,5,5,4,4,5,5
86,2.985247850418091,72.1690015978188,0.8001860565858105,0.31234796649115265,0,0.7999888284559828,0.7999548026272921,0.8001860565858105,0.7998295402043897,0.800096889715382,0.8000087407670764,0.7999593537011049,0.8000136836146666,1.233444659916259,0.9711993518100515,0.8350010555886356,0.7055745271647478,0.7755751264182185,0.9468988905470701,1.008827139399754,1.5576547666661733,2,1,1,1,2,1,1,1,2,1,1,1,2,1,1,1,1,1,1,1,1,1,1,1,2,1,1,1,2,1,1,1,5,5,5,5,4,4,5,5
87,3.0734097957611084,72.1691497259614,0.8024001067226917,0.3123817575071297,0,0.799992357640936,0.8000487578910654,0.800655149193238,0.8024001067226917,0.7990554632888263,0.8000299627611487,0.8000320110616262,0.8000544454200134,1.2334360477404396,0.971171917023128,0.8350981539921049,0.7054993571086926,0.7756220922015034,0.9469040634362245,1.008801511218853,1.55766808813343,2,1,1,1,2,1,1,1,2,1,1,1,2,1,1,1,1,1,1,1,1,1,1,1,2,1,1,1,2,1,1,1,5,5,5,5,4,4,5,5
88,1.963869571685791,72.18130553066848,0.8000221605083752,0.31223150309374653,0,0.8000221605083752,0.8000088466850334,0.7986379333854999,0.7980215291062263,0.7999073536654824,0.7998265436289533,0.7998362568510482,0.7998981896725845,1.233430156264715,0.971201512207213,0.8354401001682688,0.7065576532023495,0.7751642149889523,0.9469217958489016,1.0088216942234431,1.5577210930667422,2,1,1,1,2,1,1,1,2,1,1,1,2,1,1,1,1,1,1,1,1,1,1,1,2,1,1,1,2,1,1,1,5,5,5,5,4,4,5,5
89,1.5951790809631348,72.16250503793151,0.8007350000131719,0.31241997812294936,0,0.8000379707461587,0.8000131020979436,0.8003741874925193,0.7999257912602676,0.8007350000131719,0.8001200154145487,0.8001212159114738,0.8000513043790388,1.2334472396642826,0.9712068821533894,0.8347288970002351,0.7056839633575783,0.7751193299119723,0.9468191398374184,1.0087184519478538,1.5576219730076752,2,1,1,1,2,1,1,1,2,1,1,1,2,1,1,1,1,1,1,1,1,1,1,1,2,1,1,1,2,1,1,1,5,5,5,5,4,4,5,5
90,1.6577107906341553,72.16865043890064,0.8001623499025773,0.31235153505516766,0,0.7999185474089798,0.7999579488824334,0.8001623499025773,0.7997519167165297,0.8001546293434585,0.8000420604061672,0.8000364073337733,0.7999454809079823,1.233476511484306,0.971214835183198,0.8349241126957988,0.705651233409097,0.7754754003605315,0.9468901603946498,1.008794872401962,1.5576719185252392,2,1,1,1,2,1,1,1,2,1,1,1,2,1,1,1,1,1,1,1,1,1,1,1,2,1,1,1,2,1,1,1,5,5,5,5,4,4,5,5
91,1.587740421295166,72.16787580917051,0.8023768622330346,0.3123754240559463,0,0.799978594461573,0.7999432408123252,0.8006697418087371,0.8023768622330346,0.7990962511366366,0.7999421011949126,0.7999591768107318,0.8000241365342478,1.2334137178231668,0.9711893097649376,0.835008831351021,0.7055418207372414,0.7755503448930479,0.9469150520101136,1.0088178271092298,1.557618841738577,2,1,1,1,2,1,1,1,2,1,1,1,2,1,1,1,1,1,1,1,1,1,1,1,2,1,1,1,2,1,1,1,5,5,5,5,4,4,5,5
92,1.660944938659668,72.17842464747156,0.800137570194606,0.31226037066627765,0,0.8000524163463189,0.800137570194606,0.7986977661098109,0.7980476234529847,0.800045812244672,0.7998989978096591,0.7999082981925942,0.8000183843826518,1.2333972166452085,0.9711548573172496,0.8353583565541588,0.7065899305544517,0.7751122806788739,0.9468807862288444,1.0087920876335466,1.557642338938901,2,1,1,1,2,1,1,1,2,1,1,1,2,1,1,1,1,1,1,1,1,1,1,1,2,1,1,1,2,1,1,1,5,5,5,5,4,4,5,5
93,2.3117709159851074,72.16306920608604,0.8007055274578478,0.3124226619787125,0,0.8000310789224284,0.8000053684504478,0.8004002876456989,0.7999013163610245,0.8007055274578478,0.800128688985463,0.8001281492570179,0.8000560064260234,1.233437623004994,0.9712383585439457,0.8346784615776853,0.7057277245489695,0.7751344741997807,0.946821013082969,1.0087342700974635,1.5576602366218972,2,1,1,1,2,1,1,1,2,1,1,1,2,1,1,1,1,1,1,1,1,1,1,1,2,1,1,1,2,1,1,1,5,5,5,5,4,4,5,5
94,1.6149885654449463,72.1691104800625,0.8001881922959525,0.312357831257579,0,0.7999768664137321,0.7999416075679682,0.8001881922959525,0.7997256694059947,0.8001209940757275,0.8000611232250197,0.800052660256111,0.7999541022456552,1.2334615817001224,0.9712416173220713,0.834887281250373,0.7056841971864791,0.7754762733592008,0.9468971664802118,1.0088150629394894,1.5577147609861548,2,1,1,1,2,1,1,1,2,1,1,1,2,1,1,1,1,1,1,1,1,1,1,1,2,1,1,1,2,1,1,1,5,5,5,5,4,4,5,5
95,1.6918973922729492,72.1689297989346,0.8002675825049945,0.3123505700651248,0,0.7999731705291153,0.799936458531895,0.8002675825049945,0.7998796183099773,0.8000658151872007,0.799955888488692,0.7999721283458372,0.8000181283982013,1.2334437477064297,0.9712061715969925,0.8349854808468231,0.7055632029583576,0.7755349158810405,0.9469333398605724,1.0088482657267288,1.5576700762302553,2,1,1,1,2,1,1,1,2,1,1,1,2,1,1,1,1,1,1,1,1,1,1,1,2,1,1,1,2,1,1,1,5,5,5,5,4,4,5,5
96,1.6978986263275146,72.16925329206478,0.8023793316115546,0.31237973691616133,0,0.7999694746532949,0.8000186392575853,0.8006277888268594,0.8023793316115546,0.7991409849420196,0.800035357865267,0.7999748977015473,0.7999350295567192,1.2334230648044817,0.9711676016807577,0.8351251230384475,0.705510117401614,0.7755668171158339,0.9469072331976166,1.0088306918080006,1.5576877250198853,2,1,1,1,2,1,1,1,2,1,1,1,2,1,1,1,1,1,1,1,1,1,1,1,2,1,1,1,2,1,1,1,5,5,5,5,4,4,5,5
97,1.6865625381469727,72.18013901566172,0.8001342123858418,0.3122516660264806,0,0.8000500212632993,0.8001342123858418,0.7986610181016358,0.798055874890472,0.8000322806962018,0.79982724759753,0.7999021028554792,0.8000149897823455,1.2333995331378023,0.9711789153326865,0.8354527994267431,0.7065592689794922,0.775150427381851,0.9469281585840991,1.0088148643273043,1.557624472731143,2,1,1,1,2,1,1,1,2,1,1,1,2,1,1,1,1,1,1,1,1,1,1,1,2,1,1,1,2,1,1,1,5,5,5,5,4,4,5,5
98,1.7153043746948242,72.16419753307873,0.8006097667737195,0.3124010448849245,0,0.8000272362353836,0.7999114152708552,0.8003430396310137,0.799877939559229,0.8006097667737195,0.8000935515692604,0.800041990945983,0.8000262226072747,1.2334380932645523,0.9712603804822528,0.8347536393171368,0.7057007442193717,0.7751660663790116,0.9468259185126228,1.0087531392681994,1.557639065513532,2,1,1,1,2,1,1,1,2,1,1,1,2,1,1,1,1,1,1,1,1,1,1,1,2,1,1,1,2,1,1,1,5,5,5,5,4,4,5,5
99,1.6288433074951172,72.16806619388909,0.8001723549293737,0.31235803419590624,0,0.8000016443176665,0.7999719603762955,0.8001723549293737,0.7997632089953568,0.8001611370191263,0.8000258326288077,0.8000310967787678,0.8000387652294928,1.2334590896459519,0.9712066062086689,0.8349326103048984,0.7056469078794393,0.775461485448632,0.9468812791691811,1.0087796133298126,1.5576645938619638,2,1,1,1,2,1,1,1,2,1,1,1,2,1,1,1,1,1,1,1,1,1,1,1,2,1,1,1,2,1,1,1,5,5,5,5,4,4,5,5
100,1.6879463195800781,72.16881641520547,0.8023716987481049,0.31238222134916727,0,0.7999843518837947,0.7999470018710619,0.8006608369424995,0.8023716987481049,0.7991284514978818,0.8000480330739781,0.8000406100904118,0.7999588040385013,1.233460357270059,0.971189586041308,0.8350225507743239,0.7055424761042892,0.7755395826687648,0.9468965669395621,1.0087992194526008,1.5577023333778721,2,1,1,1,2,1,1,1,2,1,1,1,2,1,1,1,1,1,1,1,1,1,1,1,2,1,1,1,2,1,1,1,5,5,5,5,4,4,5,5
101,1.6520631313323975,72.17987555975483,0.800110538839495,0.31225065640588373,0,0.800030833424699,0.800110538839495,0.79869559317417,0.7980404324019856,0.800002794976414,0.7998188296739951,0.7998405972807376,0.7999914717807992,1.2334482939381808,0.9711574165219928,0.8353674343676812,0.7065883099838588,0.7751171324427596,0.946924993410093,1.008824824094794,1.557662226474527,2,1,1,1,2,1,1,1,2,1,1,1,2,1,1,1,1,1,1,1,1,1,1,1,2,1,1,1,2,1,1,1,5,5,5,5,4,4,5,5
102,1.7223138809204102,72.16317591763156,0.8007055274578478,0.3124226619787125,0,0.8000310789224284,0.8000053684504478,0.8004002876456989,0.7999013163610245,0.8007055274578478,0.800128688985463,0.8001281492570179,0.8000560064260234,1.2334720635851126,0.971224510655611,0.8346863975030154,0.7057229302604963,0.7751184864640741,0.946817771716494,1.0087243182071564,1.5576539239214595,2,1,1,1,2,1,1,1,2,1,1,1,2,1,1,1,1,1,1,1,1,1,1,1,2,1,1,1,2,1,1,1,5,5,5,5,4,4,5,5
103,1.7098708152770996,72.1692171671917,0.8001980185526472,0.3123550555360891,0,0.7999118228142126,0.7999499800010184,0.8001980185526472,0.7997412912647732,0.8001317003694824,0.8000507336925716,0.8000438985781887,0.7999483514586861,1.2334960229492262,0.9712277693872731,0.8348952191611112,0.7056794031937046,0.7754602785736276,0.9468939248530317,1.0088051102521027,1.5577084480647472,2,1,1,1,2,1,1,1,2,1,1,1,2,1,1,1,1,1,1,1,1,1,1,1,2,1,1,1,2,1,1,1,5,5,5,5,4,4,5,5
104,1.7109904289245605,72.168472442962,0.8002718223111459,0.31235768889266147,0,0.7999798753246244,0.7999441918562674,0.8002718223111459,0.79989984971317,0.800179417032396,0.7999533142473157,0.799972673922268,0.8000136836146666,1.2334280440692365,0.9711974063797508,0.8349985471254301,0.7055652998025322,0.7755241088268819,0.9469239494938325,1.0088327884458588,1.5576581647090377,2,1,1,1,2,1,1,1,2,1,1,1,2,1,1,1,1,1,1,1,1,1,1,1,2,1,1,1,2,1,1,1,5,5,5,5,4,4,5,5
105,1.8431472778320312,72.16940540947284,0.8023615932361388,0.31237921290823667,0,0.799992357640936,0.8000489260053264,0.800627263101502,0.8023615932361388,0.7990401180965075,0.8000275488287163,0.8000301950187227,0.8000562767071484,1.2334125301073702,0.9711635309269708,0.835140404147232,0.7055211356980619,0.7756110727232303,0.9468963195830096,1.0088155587938614,1.5576714862053553,2,1,1,1,2,1,1,1,2,1,1,1,2,1,1,1,1,1,1,1,1,1,1,1,2,1,1,1,2,1,1,1,5,5,5,5,4,4,5,5
106,2.1064629554748535,72.18116553662419,0.8000368715141634,0.31223087531098526,0,0.8000368715141634,0.8000247176815316,0.7985603882984609,0.7979874388952339,0.8000155183128026,0.7998118990665594,0.7998251219808401,0.799889825678226,1.233406638743977,0.9711932278970252,0.8354678121222914,0.7065624819118228,0.7751457633276957,0.9469126232608347,1.00883459704679,1.5577262740941447,2,1,1,1,2,1,1,1,2,1,1,1,2,1,1,1,1,1,1,1,1,1,1,1,2,1,1,1,2,1,1,1,5,5,5,5,4,4,5,5
107,2.7612884044647217,72.16226087172628,0.8006342004344222,0.3124145252882574,0,0.8000307454472974,0.8000053684504478,0.8003863517284923,0.7999320987299784,0.8006342004344222,0.8001235742304788,0.8001230445183058,0.8000560064260234,1.2334350622254455,0.9712082314250956,0.8347160938481724,0.7056737318060836,0.77515328142421,0.9468013012931333,1.0087243326742954,1.5576190106967958,2,1,1,1,2,1,1,1,2,1,1,1,2,1,1,1,1,1,1,1,1,1,1,1,2,1,1,1,2,1,1,1,5,5,5,5,4,4,5,5
108,3.1801631450653076,72.16806664335402,0.8002428097186259,0.3123629164353723,0,0.7999779805402021,0.7999414394588731,0.8002428097186259,0.7998025727816052,0.8001538997323979,0.8000645216171546,0.8000568505465018,0.7999522710249168,1.2334587637958834,0.9712114901021363,0.8349176526017088,0.705643784216952,0.7754605330165993,0.946874426444523,1.008801906424056,1.5576735336179803,2,1,1,1,2,1,1,1,2,1,1,1,2,1,1,1,1,1,1,1,1,1,1,1,2,1,1,1,2,1,1,1,5,5,5,5,4,4,5,5
109,3.220101833343506,72.1686985442724,0.8002088858141898,0.31235005891550083,0,0.7999720564055116,0.8000239664204444,0.8002088858141898,0.7998488120843922,0.8000693489139072,0.7999576046531924,0.7999745150084204,0.8000202168315661,1.2334417887360947,0.9711759434331305,0.8350443564268989,0.7055567134110172,0.7755351224969219,0.9469126101127958,1.0088377507613637,1.5576270672671841,2,1,1,1,2,1,1,1,2,1,1,1,2,1,1,1,1,1,1,1,1,1,1,1,2,1,1,1,2,1,1,1,5,5,5,5,4,4,5,5
110,3.430785655975342,72.16923030911298,0.8023908427902952,0.31237270912239673,0,0.8000022582506559,0.7999693858162438,0.8005899160466412,0.8023908427902952,0.7991740612288494,0.799987551143646,0.7999412853867655,0.8000149897823455,1.2334202469878637,0.9711904906899966,0.8351533745020718,0.7054900436304898,0.7755687365709483,0.946887519682482,1.0088216818728741,1.5576467486947225,2,1,1,1,2,1,1,1,2,1,1,1,2,1,1,1,1,1,1,1,1,1,1,1,2,1,1,1,2,1,1,1,5,5,5,5,4,4,5,5
111,3.0616040229797363,72.18013361936087,0.8001455399931143,0.31224451332773784,0,0.8000586212578069,0.8001455399931143,0.7986039980082282,0.7980248097296377,0.7999671628647201,0.7998823841296022,0.7998911570533357,0.8000144646903757,1.233421987845415,0.9711719080624065,0.8354612934877127,0.7065442409957643,0.7751683788901819,0.9468801523907845,1.008784661513578,1.5576613416858063,2,1,1,1,2,1,1,1,2,1,1,1,2,1,1,1,1,1,1,1,1,1,1,1,2,1,1,1,2,1,1,1,5,5,5,5,4,4,5,5
112,3.271707534790039,72.16382111504967,0.8007391290220283,0.3124131632612135,0,0.8000307454472974,0.7999114152708552,0.8003754794551223,0.799940333651939,0.8007391290220283,0.8001329718408992,0.8001265270267548,0.7999561882886475,1.233467178313124,0.9712602482829141,0.8347323524691145,0.7056720164267671,0.7751524699471054,0.9468105473074809,1.0087160370791348,1.5576754236164423,2,1,1,1,2,1,1,1,2,1,1,1,2,1,1,1,1,1,1,1,1,1,1,1,2,1,1,1,2,1,1,1,5,5,5,5,4,4,5,5
113,3.2452452182769775,72.16877550093237,0.8001745498844952,0.3123544514919756,0,0.7999354856926338,0.7999800974826723,0.8001745498844952,0.7997661318785796,0.8001653865212787,0.8000163013294761,0.8000214208713499,0.8000348454981434,1.2334908805007014,0.9712064740166495,0.8349282429996632,0.705645700881674,0.7755105560015022,0.9468892342708922,1.0087958057297668,1.5576327708501672,2,1,1,1,2,1,1,1,2,1,1,1,2,1,1,1,1,1,1,1,1,1,1,1,2,1,1,1,2,1,1,1,5,5,5,5,4,4,5,5
114,3.308972120285034,72.16883263689233,0.8023840091763856,0.31238515299918834,0,0.8000001766553879,0.7999693184268476,0.8006738353867499,0.8023840091763856,0.7991391963750842,0.8000222739368552,0.8000250654656532,0.8000497433742261,1.2334411443695776,0.9711943931081009,0.835019328392399,0.7055425583601405,0.7755907178721723,0.9468988814917579,1.0088093115329997,1.5576666936563077,2,1,1,1,2,1,1,1,2,1,1,1,2,1,1,1,1,1,1,1,1,1,1,1,2,1,1,1,2,1,1,1,5,5,5,5,4,4,5,5
115,3.2088003158569336,72.18071488273424,0.8000804190460729,0.3122397447507835,0,0.8000066689652408,0.8000804190460729,0.7986688363242505,0.7979960458811771,0.7998739073500977,0.7998485898376061,0.7998546804910807,0.7999068107994722,1.2334412805533426,0.971175769500715,0.8353709943749558,0.7065938208185536,0.7751734483088002,0.9469120634704421,1.0088251154549677,1.5577151209045965,2,1,1,1,2,1,1,1,2,1,1,1,2,1,1,1,1,1,1,1,1,1,1,1,2,1,1,1,2,1,1,1,5,5,5,5,4,4,5,5
116,3.2386152744293213,72.1624503377481,0.8007164999905794,0.31242434454974566,0,0.8000310789224284,0.8000053684504478,0.8004193966824705,0.7999270686920279,0.8007164999905794,0.8001278308602953,0.8001299653775761,0.8000552241413494,1.233446421663984,0.9712245826438102,0.8346759846727765,0.705708832320076,0.7751123585124057,0.9468224559021278,1.0087334892234905,1.557624394512867,2,1,1,1,2,1,1,1,2,1,1,1,2,1,1,1,1,1,1,1,1,1,1,1,2,1,1,1,2,1,1,1,5,5,5,5,4,4,5,5
117,3.407179355621338,72.16875823020649,0.8001977458824299,0.31235867225724573,0,0.7999779805402021,0.7999416075679682,0.8001977458824299,0.7997383686309353,0.8001274510141856,0.8000611232250197,0.800052660256111,0.7999541022456552,1.2334703805300204,0.9712278413757137,0.834894772384595,0.7056766646524582,0.7754594635108882,0.9468981016078057,1.0088154269914908,1.5576781560564494,2,1,1,1,2,1,1,1,2,1,1,1,2,1,1,1,1,1,1,1,1,1,1,1,2,1,1,1,2,1,1,1,5,5,5,5,4,4,5,5
118,3.414175033569336,72.16872516651729,0.8002718223111459,0.31235768889266147,0,0.7999798753246244,0.7999441918562674,0.8002718223111459,0.79989984971317,0.800179417032396,0.7999533142473157,0.799972673922268,0.8000136836146666,1.2334534053103605,0.9711923961533918,0.8349979580117833,0.7055612726825268,0.7755212341953158,0.94693427502389,1.0088486297907122,1.5576334723506025,2,1,1,1,2,1,1,1,2,1,1,1,2,1,1,1,1,1,1,1,1,1,1,1,2,1,1,1,2,1,1,1,5,5,5,5,4,4,5,5
119,3.5384023189544678,72.16965812517138,0.802378924176262,0.3123817893766019,0,0.7999867669256555,0.8000407885911466,0.8006312490147909,0.802378924176262,0.7991452715475826,0.8000095988587943,0.7999602679635731,0.8000236114408488,1.2334378910295025,0.971158520875369,0.8351398149335013,0.7055171088301297,0.7756081977693156,0.9469066448117825,1.0088313998681637,1.5576467936357445,2,1,1,1,2,1,1,1,2,1,1,1,2,1,1,1,1,1,1,1,1,1,1,1,2,1,1,1,2,1,1,1,5,5,5,5,4,4,5,5
120,3.9278886318206787,72.18123707886829,0.8000586413350997,0.31223122896177097,0,0.8000586413350997,0.8000561239175382,0.7985704986333377,0.797984308128146,0.7999210794402749,0.7998073627210003,0.7998804156687103,0.8000110700970582,1.233427689669933,0.971183278492773,0.8354693031743695,0.7065660911469813,0.7751938637727146,0.9469123255762669,1.0088063480394587,1.5576697800639514,2,1,1,1,2,1,1,1,2,1,1,1,2,1,1,1,1,1,1,1,1,1,1,1,2,1,1,1,2,1,1,1,5,5,5,5,4,4,5,5
121,3.8958184719085693,72.16336630748259,0.8006169806070887,0.3124107644117232,0,0.8000149203873151,0.799982984005772,0.8003665182120752,0.799905984472284,0.8006169806070887,0.8001483501562975,0.8001353014335433,0.7999674231216716,1.2334728958239773,0.9712173451241709,0.8347228628551869,0.7056759539426983,0.7751556270641994,0.9467983189426105,1.0087309496441268,1.5576805572862324,2,1,1,1,2,1,1,1,2,1,1,1,2,1,1,1,1,1,1,1,1,1,1,1,2,1,1,1,2,1,1,1,5,5,5,5,4,4,5,5
122,2.2786595821380615,72.16821871079974,0.8002869522651663,0.3123702156504722,0,0.79993581915871,0.7999799293719138,0.8002717814757716,0.7998526430669268,0.8002869522651663,0.8000252271329965,0.8000325316548905,0.8000340632252075,1.23348439825732,0.9712070162312092,0.8349140760622318,0.7056344886319443,0.7754545370575583,0.9468861049917336,1.0088162513588432,1.5576488420549892,2,1,1,1,2,1,1,1,2,1,1,1,2,1,1,1,1,1,1,1,1,1,1,1,2,1,1,1,2,1,1,1,5,5,5,5,4,4,5,5
123,1.9010820388793945,72.16973748775939,0.8001730745058016,0.3123450357786228,0,0.7999730037940956,0.7999324188949001,0.8001730745058016,0.7998172650357512,0.8000881491536078,0.8000347864361925,0.7999739834426762,0.7999245771009871,1.233434919465821,0.9711948332719482,0.835055897424566,0.7055695010481222,0.7755936110800222,0.946901034505298,1.0088367628976789,1.5576820036445524,2,1,1,1,2,1,1,1,2,1,1,1,2,1,1,1,1,1,1,1,1,1,1,1,2,1,1,1,2,1,1,1,5,5,5,5,4,4,5,5
124,1.6884961128234863,72.16907594534696,0.8024076208403593,0.3123728735399507,0,0.7999707755477119,0.800021559905395,0.8006606307173392,0.8024076208403593,0.7990189841263791,0.7999516322105179,0.7999652079800508,0.8000293636093347,1.2334141081764112,0.9711538117593858,0.8351462267287931,0.705488918412154,0.7756363410302474,0.9469216215755588,1.0088203588605087,1.5576085755867681,2,1,1,1,2,1,1,1,2,1,1,1,2,1,1,1,1,1,1,1,1,1,1,1,2,1,1,1,2,1,1,1,5,5,5,5,4,4,5,5
125,1.7523424625396729,72.18004018199906,0.8001364509243015,0.31224725756503097,0,0.8001247844592133,0.8001364509243015,0.7985933802886388,0.798009207801837,0.7999583995709006,0.7998927729792834,0.7999013905524861,0.8000183843826518,1.2333915795190638,0.9711668979995768,0.8354910537605725,0.7065505120512863,0.7751607713035549,0.9468929962595286,1.008798422049227,1.5576371612178368,2,1,1,1,2,1,1,1,2,1,1,1,2,1,1,1,1,1,1,1,1,1,1,1,2,1,1,1,2,1,1,1,5,5,5,5,4,4,5,5
126,1.7587645053863525,72.16429620878458,0.8007501521787005,0.3124180925272752,0,0.799972758173207,0.8000224260224134,0.8003935690874293,0.7999552551060786,0.8007501521787005,0.8001114682043537,0.8001127976084577,0.8000473846240732,1.233487772082344,0.9712497208876286,0.8347565423950191,0.7056713900219114,0.7751406169156129,0.9468295384376996,1.0087362488898202,1.5576550588413398,2,1,1,1,2,1,1,1,2,1,1,1,2,1,1,1,1,1,1,1,1,1,1,1,2,1,1,1,2,1,1,1,5,5,5,5,4,4,5,5
127,1.7074780464172363,72.17003487782962,0.8001564623088883,0.3123495704600806,0,0.7999934717770619,0.7998702085728391,0.8001564623088883,0.7997511981677107,0.8001543688643206,0.8000396464567331,0.8000345912807147,0.7999436496925979,1.2334667705446951,0.9712633341801346,0.8349618763766541,0.7056516555272301,0.7755040378047244,0.9468955018054986,1.0088073632875947,1.557701189403464,2,1,1,1,2,1,1,1,2,1,1,1,2,1,1,1,1,1,1,1,1,1,1,1,2,1,1,1,2,1,1,1,5,5,5,5,4,4,5,5
128,1.6746811866760254,72.16932071983794,0.8023768622330346,0.3123754240559463,0,0.799978594461573,0.7999432408123252,0.8006697418087371,0.8023768622330346,0.7990962511366366,0.7999421011949126,0.7999591768107318,0.8000241365342478,1.2334617378284045,0.9711845456462018,0.8350435264160363,0.7055419258866968,0.7755788588532192,0.9469189649627131,1.0088291732492765,1.5576463288154243,2,1,1,1,2,1,1,1,2,1,1,1,2,1,1,1,1,1,1,1,1,1,1,1,2,1,1,1,2,1,1,1,5,5,5,5,4,4,5,5
129,1.5907526016235352,72.17986960179475,0.8001457081118335,0.31225345555697037,0,0.8000587879962401,0.8001457081118335,0.798626663924631,0.7980079206855095,0.8000468115727708,0.7998869269650718,0.7998971754983814,0.8000144646903757,1.2334452360080126,0.9711500933675186,0.8353930661421338,0.7065900358601109,0.7751407785331333,0.9468846990398468,1.0088034334841023,1.5576698264303999,2,1,1,1,2,1,1,1,2,1,1,1,2,1,1,1,1,1,1,1,1,1,1,1,2,1,1,1,2,1,1,1,5,5,5,5,4,4,5,5
130,1.629136323928833,72.16393678479861,0.8005982970153224,0.3124106816389085,0,0.7999411092381375,0.7999845067967092,0.8004024456230864,0.7998982726840028,0.8005982970153224,0.8001484764951406,0.8001352889656947,0.7999655918918348,1.2334905558666982,0.9712385336465256,0.834676018995355,0.7057102962386972,0.7751634570074845,0.9468177820856922,1.0087386024151779,1.5576839084377416,2,1,1,1,2,1,1,1,2,1,1,1,2,1,1,1,1,1,1,1,1,1,1,1,2,1,1,1,2,1,1,1,5,5,5,5,4,4,5,5
131,2.005863666534424,72.16812343913645,0.8002543534615781,0.31236589336913384,0,0.7999893286631025,0.7999558544045353,0.8002303078495321,0.7997944981982533,0.8002543534615781,0.800015697747868,0.7999704767009325,0.8000123762636668,1.2334451551175825,0.9712291288989969,0.8348859638144426,0.7056654274797547,0.7754533182466811,0.9469056447018304,1.0088238969165384,1.557650410339986,2,1,1,1,2,1,1,1,2,1,1,1,2,1,1,1,1,1,1,1,1,1,1,1,2,1,1,1,2,1,1,1,5,5,5,5,4,4,5,5
132,1.8426988124847412,72.16900107266764,0.8001879123889772,0.3123473223993172,0,0.799992357640936,0.7999602977105407,0.8001879123889772,0.7998273774995206,0.8000688513835015,0.7999624645042341,0.8000309198168307,0.8000400726012323,1.2334369285495856,0.9712023317188545,0.8350061393087742,0.7055747927817688,0.7755765927690488,0.9469149348806213,1.0088052820355289,1.557662459022598,2,1,1,1,2,1,1,1,2,1,1,1,2,1,1,1,1,1,1,1,1,1,1,1,2,1,1,1,2,1,1,1,5,5,5,5,4,4,5,5
133,2.840939998626709,72.16939662257258,0.8024059184922897,0.31238141187008067,0,0.7999696413881697,0.8000184711446443,0.8006469202847849,0.8024059184922897,0.7991518869399789,0.800035357865267,0.7999748977015473,0.7999350295567192,1.233431037069654,0.9711782323712936,0.8351042068078043,0.7054986689786406,0.7756099674699385,0.9468927205546658,1.0088247770821153,1.5577014712642074,2,1,1,1,2,1,1,1,2,1,1,1,2,1,1,1,1,1,1,1,1,1,1,1,2,1,1,1,2,1,1,1,5,5,5,5,4,4,5,5
134,3.214141845703125,72.18055247917276,0.8000517493937134,0.31223898422867663,0,0.8000517493937134,0.8000479864154939,0.7986511642548697,0.7980378353904136,0.7999245207987058,0.7998175908082713,0.7998915382798508,0.800013158522517,1.2334076337858577,0.9711894441047971,0.8354418604648624,0.706559526662379,0.7751988393806297,0.9469136456204381,1.0088089496942148,1.557638218417278,2,1,1,1,2,1,1,1,2,1,1,1,2,1,1,1,1,1,1,1,1,1,1,1,2,1,1,1,2,1,1,1,5,5,5,5,4,4,5,5
135,3.3694112300872803,72.16337129799781,0.8006103621028954,0.3124074779265424,0,0.8000182828908993,0.7999896657568016,0.8003574265305797,0.7998895768045806,0.8006103621028954,0.8001054971817734,0.8000531268579119,0.8000303994976612,1.2334475263466387,0.9712185715424148,0.8347375643121291,0.7056930353512646,0.7751622697623544,0.946805692024979,1.0087405639729736,1.5576510285532594,2,1,1,1,2,1,1,1,2,1,1,1,2,1,1,1,1,1,1,1,1,1,1,1,2,1,1,1,2,1,1,1,5,5,5,5,4,4,5,5
136,3.3471693992614746,72.16799174368161,0.8002685029582304,0.31236312038894526,0,0.7999926911126227,0.7999575452776588,0.800175870782486,0.7997830784132698,0.8002685029582304,0.8000498755908404,0.800045714637677,0.7999449558254784,1.2334616207132347,0.9712122985368415,0.834924037656852,0.7056443323012966,0.7754579758080152,0.9468681203576013,1.008774058483356,1.557680623433759,2,1,1,1,2,1,1,1,2,1,1,1,2,1,1,1,1,1,1,1,1,1,1,1,2,1,1,1,2,1,1,1,5,5,5,5,4,4,5,5
137,3.110912322998047,72.16867817779517,0.8023712911300679,0.31238430915056803,0,0.8000001766553879,0.7999693184268476,0.8006642788786889,0.8023712911300679,0.7991327380997773,0.8000222739368552,0.800025979745109,0.8000497433742261,1.233455986193191,0.9711865281940486,0.8350158118717388,0.7055486638711529,0.7755881087833201,0.9468976363619455,1.0088028808212193,1.5576270351562058,2,1,1,1,2,1,1,1,2,1,1,1,2,1,1,1,1,1,1,1,1,1,1,1,2,1,1,1,2,1,1,1,5,5,5,5,4,4,5,5
138,2.9976112842559814,72.18042838107138,0.8000804190460729,0.3122397447507835,0,0.8000066689652408,0.8000804190460729,0.7986688363242505,0.7979960458811771,0.7998739073500977,0.7998485898376061,0.7998546804910807,0.7999068107994722,1.2334561223785947,0.9711679047374803,0.8353624889762372,0.7065943271764459,0.7751677100226866,0.9469108183232959,1.0088192610972873,1.5576754611715273,2,1,1,1,2,1,1,1,2,1,1,1,2,1,1,1,1,1,1,1,1,1,1,1,2,1,1,1,2,1,1,1,5,5,5,5,4,4,5,5
139,3.1773264408111572,72.16216392568374,0.8007272629954916,0.312427281902768,0,0.8000480183076943,0.8000286369088855,0.8004296764176588,0.7999393413887232,0.8007272629954916,0.8001020707792162,0.8001153344153614,0.800146950202234,1.2334612635510984,0.9712167174852774,0.8346674863503566,0.7057093380437696,0.7751066206785144,0.9468212108728116,1.0087276353975303,1.5575847370897096,2,1,1,1,2,1,1,1,2,1,1,1,2,1,1,1,1,1,1,1,1,1,1,1,2,1,1,1,2,1,1,1,5,5,5,5,4,4,5,5
140,3.0715126991271973,72.16930576862154,0.8001980185526472,0.3123550555360891,0,0.7999118228142126,0.7999499800010184,0.8001980185526472,0.7997412912647732,0.8001317003694824,0.8000507336925716,0.8000438985781887,0.7999483514586861,1.23349828150265,0.9712341003881816,0.8348916344350261,0.7056825834510129,0.7754589371552519,0.9468816126095442,1.008800348530085,1.5577277917097794,2,1,1,1,2,1,1,1,2,1,1,1,2,1,1,1,1,1,1,1,1,1,1,1,2,1,1,1,2,1,1,1,5,5,5,5,4,4,5,5
141,3.005392551422119,72.16856102252162,0.8023858824232579,0.31238396322759665,0,0.7999619892514455,0.7999210927289743,0.8007062192230051,0.8023858824232579,0.7991806757516364,0.7999748161998942,0.7999798251470183,0.7999311100241808,1.2334303024981899,0.9712037371827364,0.8349949619556936,0.7055684795456153,0.7755227672980904,0.9469116368599415,1.0088280265931955,1.5576775077296505,2,1,1,1,2,1,1,1,2,1,1,1,2,1,1,1,1,1,1,1,1,1,1,1,2,1,1,1,2,1,1,1,5,5,5,5,4,4,5,5
142,3.038435697555542,72.17903454832631,0.8001377383129817,0.31225700613945034,0,0.800051302173485,0.8001377383129817,0.7986622813588073,0.7979953917864477,0.800023875943373,0.7998961710795123,0.7999046662958765,0.8000183843826518,1.23340100024251,0.971155840284917,0.835363517888972,0.7066206066917106,0.7751256394178371,0.9468967325890786,1.0088153059949951,1.5576104400009996,2,1,1,1,2,1,1,1,2,1,1,1,2,1,1,1,1,1,1,1,1,1,1,1,2,1,1,1,2,1,1,1,5,5,5,5,4,4,5,5
143,3.424520492553711,72.1631223768537,0.8006580559921632,0.3124120590139121,0,0.8000093295984873,0.7999794583655271,0.8003866368088326,0.7998802686653455,0.8006580559921632,0.8000466697309838,0.8000598829971857,0.8000309245894436,1.2334405478375665,0.971239443639344,0.8346650920451893,0.7057352957716859,0.7751372062027581,0.9468352855481047,1.0087551971825595,1.5576283373174693,2,1,1,1,2,1,1,1,2,1,1,1,2,1,1,1,1,1,1,1,1,1,1,1,2,1,1,1,2,1,1,1,5,5,5,5,4,4,5,5
144,3.547971248626709,72.1676813836268,0.8002498675283011,0.31236873122364195,0,0.8000016242689032,0.7999717248766235,0.800214968235028,0.7997708732039419,0.8002498675283011,0.8000319315601666,0.8000385755042704,0.8000387652294928,1.2334477400282347,0.9712269743608208,0.8348667871999594,0.7056824841286388,0.7754560085048144,0.9468629033906438,1.0087929517354557,1.5576584429529925,2,1,1,1,2,1,1,1,2,1,1,1,2,1,1,1,1,1,1,1,1,1,1,1,2,1,1,1,2,1,1,1,5,5,5,5,4,4,5,5
145,3.294832229614258,72.16907738816637,0.8002374037541,0.31235110872661553,0,0.7999655183758062,0.799924517518833,0.8002374037541,0.7998450781301671,0.8000806269710883,0.8000450155407818,0.7999836466318339,0.7999266654175494,1.2334489921849896,0.9712098108842416,0.8349789558497893,0.7055814273994996,0.775577109302409,0.9468818001467495,1.0088172734209666,1.557696182319875,2,1,1,1,2,1,1,1,2,1,1,1,2,1,1,1,1,1,1,1,1,1,1,1,2,1,1,1,2,1,1,1,5,5,5,5,4,4,5,5
146,3.093848705291748,72.16884399383018,0.8023712163679668,0.3123748885176111,0,0.7999830710178016,0.800038550168084,0.8006357127606362,0.8023712163679668,0.7990100484886319,0.7999650387628077,0.8000309323453745,0.8000544454200134,1.2334224101071078,0.9711639925553296,0.835102847811485,0.705513108653217,0.7756161920731393,0.9469084403944308,1.0088069624457887,1.5576247866954278,2,1,1,1,2,1,1,1,2,1,1,1,2,1,1,1,1,1,1,1,1,1,1,1,2,1,1,1,2,1,1,1,5,5,5,5,4,4,5,5
147,3.4451165199279785,72.18017902279901,0.8000554926421106,0.3122438168829728,0,0.8000381524159467,0.8000279071759201,0.7986432850290412,0.7980460442490149,0.8000554926421106,0.7998879050761644,0.7998349488939227,0.7998929629602727,1.233409359740843,0.9711873916397984,0.8354346512719834,0.7065586862976256,0.7751363030596491,0.9468877497128158,1.00882646542415,1.5576777901552619,2,1,1,1,2,1,1,1,2,1,1,1,2,1,1,1,1,1,1,1,1,1,1,1,2,1,1,1,2,1,1,1,5,5,5,5,4,4,5,5
148,3.6602060794830322,72.16254126847237,0.8006275320639817,0.31241493689559385,0,0.8000480383711394,0.8000275177030465,0.8003706727392759,0.7999059189007484,0.8006275320639817,0.8000959716536841,0.8001084136069518,0.800146950202234,1.2334387707076713,0.9712043310756672,0.8347262470853344,0.7056958210423133,0.775163187035557,0.9468214113939502,1.0087223979716762,1.55757358439307,2,1,1,1,2,1,1,1,2,1,1,1,2,1,1,1,1,1,1,1,1,1,1,1,2,1,1,1,2,1,1,1,5,5,5,5,4,4,5,5
149,1.6229548454284668,72.16877923764241,0.8002258972678168,0.3123576311655468,0,0.7999118228142126,0.7999498118915636,0.8002258972678168,0.7997797429247926,0.8001471784899787,0.8000525762115772,0.800045714637677,0.7999483514586861,1.2334758034510742,0.9712210343959046,0.8349196285006798,0.7056543256432002,0.7754672118822338,0.946878203904322,1.0087907474926618,1.557716637988833,2,1,1,1,2,1,1,1,2,1,1,1,2,1,1,1,1,1,1,1,1,1,1,1,2,1,1,1,2,1,1,1,5,5,5,5,4,4,5,5
